{"cameraMode":{"drawMode":0,"name":"Shaded","section":"Shading Mode"},"sceneLighting":false,"audioPlay":false,"sceneViewState":{"showFog":true,"showMaterialUpdate":false,"showSkybox":true,"showFlares":true,"showImageEffects":true,"showParticleSystems":true},"in2DMode":false,"pivot":{"x":-3.940000057220459,"y":0.0,"z":3.9800000190734865},"rotation":{"x":0.44702401757240298,"y":0.5129762291908264,"z":-0.3589109182357788,"w":0.6389115452766419},"size":2.8578836917877199,"orthographic":false}