{"cameraMode":{"drawMode":0,"name":"Shaded","section":"Shading Mode"},"sceneLighting":false,"audioPlay":false,"sceneViewState":{"showFog":true,"showMaterialUpdate":false,"showSkybox":true,"showFlares":true,"showImageEffects":true,"showParticleSystems":true},"in2DMode":false,"pivot":{"x":0.41493749618530276,"y":-1.1042804718017579,"z":0.3747953176498413},"rotation":{"x":0.44702401757240298,"y":0.5129762291908264,"z":-0.3589109182357788,"w":0.6389115452766419},"size":14.557889938354493,"orthographic":false}